source,target,weight
Aguiar Alves,Clemente,1
Aguiar Alves,Gambetti,1
Aguiar Alves,Bo,1
Aguiar Alves,Langlois,1
Aguiar Alves,Semeraro,1
Aguiar Alves,Maeda,1
Clemente,Mendonça,1
Clemente,Nichols,1
Clemente,Scherer,1
Clemente,Ouellet,1
Clemente,De Donatis,1
Clemente,You Heung-Sik,1
Clemente,Prevost,1
Clemente,García Rodríguez,1
Clemente,Woelki,1
Clemente,Rocha,1
Clemente,Arborelius,1
Clemente,Betori,1
Clemente,Nycz,1
Clemente,O'Malley,1
Clemente,Bustillo,1
Clemente,Aviz,1
Clemente,Porras Cardozo,1
Clemente,Petrocchi,1
Clemente,Advincula,1
De Donatis,Vallini,1
De Donatis,Reina,1
De Donatis,Stella,1
De Donatis,Feroci,1
De Donatis,Nichols,1
De Donatis,Scherer,1
De Donatis,Ouellet,1
De Donatis,Woelki,1
De Donatis,Sturla Berhouet,1
De Donatis,Nycz,1
De Donatis,Kutwa,1
De Donatis,Aviz,1
De Donatis,Fernández Artime,1
De Donatis,Vérgez Alzaga,1
De Donatis,Gambetti,1
De Donatis,Porras Cardozo,1
De Donatis,Petrocchi,1
De Donatis,Ghirlanda,1
De Donatis,Duka,1
De Donatis,Advincula,1
De Donatis,Do Carmo Da Silva,1
De Donatis,Filoni,1
De Donatis,García Rodríguez,1
De Donatis,Bo,1
De Donatis,Rocha,1
De Donatis,Lacroix,1
De Donatis,Arborelius,1
De Donatis,You Heung-Sik,1
De Donatis,Tobin,1
De Donatis,O'Malley,2
De Donatis,Steiner,1
De Donatis,Betori,1
De Donatis,Ladaria Ferrer,1
De Donatis,Rossi,1
De Donatis,Prevost,2
De Donatis,Tagle,1
De Donatis,Bustillo,1
De Donatis,Farrell,1
De Donatis,Ambongo Besungu,1
Vallini,Lojudice,1
Vallini,Frezza,1
Vallini,Tobin,1
Vallini,Gambetti,1
Vallini,Zuppi,1
Reina,Lojudice,1
Reina,Montenegro,1
Martínez Flores,O'Malley,1
Martínez Flores,Ramazzini Imeri,1
Martínez Flores,Rueda Aparicio,1
Martínez Flores,Prevost,1
Martínez Flores,Costa,1
Martínez Flores,Osoro Sierra,1
Martínez Flores,Lacunza Maestrojuán,1
Martínez Flores,Sturla Berhouet,1
Martínez Flores,Porras Cardozo,1
Martínez Flores,García Rodríguez,1
Martínez Flores,Rocha,1
Martínez Flores,Robles Ortega,1
Martínez Flores,Aguiar Retes,1
Martínez Flores,Tempesta,1
Martínez Flores,Aós Braco,1
O'Malley,Nichols,1
O'Malley,Scherer,1
O'Malley,Ouellet,2
O'Malley,Gambetti,1
O'Malley,Filoni,2
O'Malley,Onaiyekan,1
O'Malley,Bo,1
O'Malley,You Heung-Sik,1
O'Malley,Gugerotti,1
O'Malley,Prevost,3
O'Malley,Koch,1
O'Malley,Parolin,2
O'Malley,Mendonça,1
O'Malley,Fernández Artime,1
O'Malley,Vérgez Alzaga,2
O'Malley,Petrocchi,1
O'Malley,Advincula,1
O'Malley,Do Carmo Da Silva,1
O'Malley,Lacroix,2
O'Malley,Ladaria Ferrer,1
O'Malley,Bustillo,1
O'Malley,Woelki,1
O'Malley,Sturla Berhouet,1
O'Malley,Gracias,1
O'Malley,Nycz,1
O'Malley,Kutwa,1
O'Malley,Aviz,1
O'Malley,Porras Cardozo,1
O'Malley,Ghirlanda,2
O'Malley,Duka,1
O'Malley,García Rodríguez,1
O'Malley,Omella,1
O'Malley,Rocha,2
O'Malley,Tobin,1
O'Malley,Farrell,1
O'Malley,Hollerich,1
O'Malley,Ambongo Besungu,2
O'Malley,Fernández,1
O'Malley,Turkson,1
O'Malley,Semeraro,1
O'Malley,Mulla,1
O'Malley,Arborelius,1
O'Malley,Betori,1
O'Malley,Steiner,1
O'Malley,Schönborn,1
O'Malley,Rossi,1
O'Malley,Tagle,1
Lojudice,Nichols,1
Lojudice,Sandri,1
Lojudice,You Heung-Sik,1
Lojudice,Gugerotti,1
Lojudice,Prevost,1
Lojudice,Koch,1
Lojudice,Parolin,1
Lojudice,Mendonça,1
Lojudice,Advincula,1
Lojudice,Cobo Cano,1
Lojudice,Aveline,1
Lojudice,Roche,1
Lojudice,Tscherrig,1
Lojudice,Aviz,1
Lojudice,Ryś,1
Lojudice,Omella,1
Lojudice,Rocha,1
Lojudice,Arborelius,1
Lojudice,Tobin,1
Lojudice,Cupich,1
Lojudice,Grech,1
Lojudice,Cantoni,1
Lojudice,Fernández,1
Marto Dos Santos,Mendonça,2
Marto Dos Santos,Sarah,1
Marto Dos Santos,Mamberti,1
Marto Dos Santos,Filoni,1
Marto Dos Santos,Koch,1
Marto Dos Santos,Harvey,1
Marto Dos Santos,Petrocchi,1
Marto Dos Santos,Ryłko,1
Marto Dos Santos,Tscherrig,1
Marto Dos Santos,Montenegro,1
Marto Dos Santos,Piacenza,1
Marto Dos Santos,Semeraro,1
Marto Dos Santos,Betori,1
Marto Dos Santos,Burke,1
Marto Dos Santos,Brislin,1
Mendonça,Rugambwa,2
Mendonça,Sarah,3
Mendonça,Nichols,1
Mendonça,Krajewski,1
Mendonça,Scherer,2
Mendonça,Ouellet,2
Mendonça,Baldisseri,1
Mendonça,Sandri,1
Mendonça,Marengo,1
Mendonça,Mamberti,3
Mendonça,Czerny,1
Mendonça,Calcagno,1
Mendonça,Filoni,2
Mendonça,Onaiyekan,1
Mendonça,Bo,1
Mendonça,López Romero,1
Mendonça,You Heung-Sik,4
Mendonça,Gugerotti,4
Mendonça,Prevost,4
Mendonça,Koch,3
Mendonça,Parolin,4
Mendonça,Zuppi,1
Mendonça,Suharyo Hardjoatmodjo,1
Mendonça,Harvey,2
Mendonça,Mangkhanekhoun,1
Mendonça,Sako,1
Mendonça,Aveline,1
Mendonça,Patabendige Don,2
Mendonça,Woelki,1
Mendonça,Sturla Berhouet,2
Mendonça,Nycz,1
Mendonça,Roche,4
Mendonça,Kutwa,1
Mendonça,Tscherrig,3
Mendonça,Montenegro,1
Mendonça,Aviz,2
Mendonça,Ryś,2
Mendonça,Ghirlanda,2
Mendonça,Kovithavanij,1
Mendonça,Ouédraogo,2
Mendonça,Erdő,1
Mendonça,Omella,1
Mendonça,Njue,1
Mendonça,Robles Ortega,1
Mendonça,Rocha,1
Mendonça,Tobin,2
Mendonça,Dolan,1
Mendonça,Tsarahazana,2
Mendonça,Farrell,2
Mendonça,Hollerich,1
Mendonça,Nzapalainga,1
Mendonça,Kambanda,2
Mendonça,De Kesel,1
Mendonça,Cupich,2
Mendonça,Mafi,1
Mendonça,Piacenza,2
Mendonça,Bertello,1
Mendonça,Fernández,4
Mendonça,Turkson,3
Mendonça,Semeraro,3
Mendonça,Petrocchi,1
Mendonça,Aguiar Retes,1
Mendonça,Tempesta,2
Mendonça,Mulla,1
Mendonça,Advincula,1
Mendonça,Ryłko,1
Mendonça,Ferrão,1
Mendonça,Lacroix,2
Mendonça,Arborelius,1
Mendonça,Betori,1
Mendonça,Cobo Cano,1
Mendonça,Schönborn,2
Mendonça,Ladaria Ferrer,1
Mendonça,Rossi,1
Mendonça,Tagle,3
Mendonça,Bozanić,2
Mendonça,Grech,2
Mendonça,Burke,1
Mendonça,Furtado,2
Mendonça,Bertone,1
Mendonça,Cantoni,1
Mendonça,Lacunza Maestrojuán,1
Mendonça,Dew,2
Mendonça,Brislin,1
Mendonça,Aós Braco,2
Bocos Merino,Osoro Sierra,1
Bocos Merino,Blázquez Pérez,1
Osoro Sierra,Cobo Cano,1
Osoro Sierra,Sarah,1
Osoro Sierra,Nichols,1
Osoro Sierra,Ramazzini Imeri,1
Osoro Sierra,Souraphiel,1
Osoro Sierra,Filoni,1
Osoro Sierra,Rueda Aparicio,1
Osoro Sierra,Gugerotti,1
Osoro Sierra,Prevost,2
Osoro Sierra,Koch,1
Osoro Sierra,Costa,1
Osoro Sierra,Parolin,1
Osoro Sierra,Zuppi,1
Osoro Sierra,Sako,1
Osoro Sierra,Poli,1
Osoro Sierra,Sturla Berhouet,1
Osoro Sierra,Baselios,1
Osoro Sierra,Pizzaballa,1
Osoro Sierra,Collins,1
Osoro Sierra,Fernández,1
Osoro Sierra,Porras Cardozo,1
Osoro Sierra,Semeraro,1
Osoro Sierra,Aguiar Retes,1
Osoro Sierra,Tempesta,1
Osoro Sierra,García Rodríguez,1
Osoro Sierra,Erdő,1
Osoro Sierra,Rocha,1
Osoro Sierra,Arborelius,1
Osoro Sierra,Robles Ortega,1
Osoro Sierra,Dolan,1
Osoro Sierra,Schönborn,1
Osoro Sierra,Ladaria Ferrer,1
Osoro Sierra,Tagle,1
Osoro Sierra,Marx,1
Osoro Sierra,Lacunza Maestrojuán,1
Osoro Sierra,Zenari,1
Osoro Sierra,Raï,1
Osoro Sierra,Aós Braco,1
Osoro Sierra,Mureşan,1
Blázquez Pérez,Rouco Varela,1
Frezza,Gambetti,1
Tobin,Rodé,1
Tobin,Bertone,1
Tobin,Nichols,2
Tobin,Scherer,2
Tobin,Ouellet,1
Tobin,Sandri,2
Tobin,Czerny,1
Tobin,Gambetti,1
Tobin,Filoni,1
Tobin,Bo,1
Tobin,You Heung-Sik,2
Tobin,Gugerotti,3
Tobin,Prevost,3
Tobin,Koch,2
Tobin,Müller,1
Tobin,Costa,1
Tobin,Versaldi,1
Tobin,Parolin,1
Tobin,Harvey,1
Tobin,Sako,2
Tobin,Kambanda,1
Tobin,Fernández Artime,1
Tobin,Vérgez Alzaga,1
Tobin,Petrocchi,1
Tobin,Advincula,1
Tobin,Do Carmo Da Silva,1
Tobin,Lacroix,3
Tobin,Cobo Cano,1
Tobin,Ladaria Ferrer,3
Tobin,Lacunza Maestrojuán,1
Tobin,Ricard,1
Tobin,Aveline,1
Tobin,Woelki,1
Tobin,Sturla Berhouet,1
Tobin,Nycz,1
Tobin,Roche,2
Tobin,Kutwa,1
Tobin,Tscherrig,2
Tobin,Aviz,1
Tobin,Ryś,1
Tobin,Ghirlanda,1
Tobin,Duka,1
Tobin,Erdő,2
Tobin,Omella,1
Tobin,Rocha,1
Tobin,Tsarahazana,1
Tobin,Farrell,1
Tobin,Hollerich,1
Tobin,Ambongo Besungu,1
Tobin,De Kesel,1
Tobin,Pizzaballa,1
Tobin,Cupich,1
Tobin,Fernández,3
Tobin,Turkson,1
Tobin,Aguiar Retes,1
Tobin,Arborelius,3
Tobin,Steiner,1
Tobin,Rossi,1
Tobin,Tagle,2
Tobin,Marx,1
Tobin,Grech,3
Tobin,Burke,1
Tobin,Cantoni,1
Tobin,Dew,1
Tobin,Aós Braco,1
Gambetti,Mathieu,1
Gambetti,Sandri,1
Gambetti,Do Carmo Da Silva,1
Gambetti,Filoni,1
Gambetti,Bo,2
Gambetti,Lacroix,1
Gambetti,Sturla Berhouet,1
Gambetti,Steiner,1
Gambetti,Gugerotti,1
Gambetti,Roche,1
Gambetti,Kutwa,1
Gambetti,Ladaria Ferrer,1
Gambetti,Rossi,1
Gambetti,Prevost,2
Gambetti,Maeda,1
Gambetti,Tagle,1
Gambetti,Langlois,1
Gambetti,Fernández Artime,1
Gambetti,Vérgez Alzaga,1
Gambetti,Farrell,2
Gambetti,Semeraro,1
Gambetti,Ghirlanda,1
Gambetti,Duka,1
Gambetti,Ambongo Besungu,1
Zuppi,Rugambwa,1
Zuppi,Sarah,2
Zuppi,Nichols,1
Zuppi,Krajewski,1
Zuppi,Scherer,1
Zuppi,Baldisseri,1
Zuppi,Marengo,1
Zuppi,Mamberti,1
Zuppi,Czerny,1
Zuppi,Calcagno,1
Zuppi,Poola,1
Zuppi,Souraphiel,1
Zuppi,Filoni,1
Zuppi,You Heung-Sik,1
Zuppi,Gugerotti,2
Zuppi,Prevost,2
Zuppi,Barreto Jimeno,1
Zuppi,Koch,1
Zuppi,Parolin,2
Zuppi,Woelki,1
Zuppi,Patabendige Don,1
Zuppi,Sturla Berhouet,2
Zuppi,Roche,1
Zuppi,Kutwa,1
Zuppi,Tscherrig,1
Zuppi,Montenegro,1
Zuppi,Pierre,1
Zuppi,Ghirlanda,1
Zuppi,Kovithavanij,1
Zuppi,Ouédraogo,1
Zuppi,Erdő,1
Zuppi,Njue,1
Zuppi,Robles Ortega,1
Zuppi,Dolan,2
Zuppi,Tsarahazana,1
Zuppi,Zenari,1
Zuppi,Farrell,2
Zuppi,Nzapalainga,1
Zuppi,Suharyo Hardjoatmodjo,1
Zuppi,Harvey,2
Zuppi,Mureşan,1
Zuppi,Mangkhanekhoun,2
Zuppi,Sako,1
Zuppi,Poli,1
Zuppi,Kambanda,1
Zuppi,Baselios,1
Zuppi,Pizzaballa,1
Zuppi,Francis,1
Zuppi,Mafi,1
Zuppi,Mcelroy,1
Zuppi,Bertello,1
Zuppi,Collins,1
Zuppi,Fernández,2
Zuppi,Turkson,2
Zuppi,Semeraro,1
Zuppi,Tempesta,1
Zuppi,Ferrão,1
Zuppi,Arborelius,1
Zuppi,Schönborn,2
Zuppi,Tagle,3
Zuppi,Ladaria Ferrer,1
Zuppi,Marx,1
Zuppi,Bozanić,1
Zuppi,Furtado,1
Zuppi,Bertone,1
Zuppi,Dew,1
Zuppi,Raï,1
Rouco Varela,Cobo Cano,1
Cobo Cano,Nichols,1
Cobo Cano,Sandri,1
Cobo Cano,Ramazzini Imeri,1
Cobo Cano,You Heung-Sik,1
Cobo Cano,Gugerotti,1
Cobo Cano,Prevost,1
Cobo Cano,Koch,1
Cobo Cano,Parolin,1
Cobo Cano,Mcelroy,1
Cobo Cano,Advincula,1
Cobo Cano,Lacroix,1
Cobo Cano,Aveline,1
Cobo Cano,Roche,1
Cobo Cano,Cupich,1
Cobo Cano,Goh,1
Cobo Cano,Tscherrig,1
Cobo Cano,Aviz,1
Cobo Cano,Fernández,2
Cobo Cano,Porras Cardozo,1
Cobo Cano,Ryś,1
Cobo Cano,Omella,1
Cobo Cano,Rocha,1
Cobo Cano,Arborelius,1
Cobo Cano,Okpaleke,1
Cobo Cano,Grech,1
Cobo Cano,Cantoni,1
Cobo Cano,Farrell,1
Cobo Cano,Gregory,1
Montenegro,Sarah,1
Montenegro,Krajewski,1
Montenegro,Mamberti,1
Montenegro,Poola,1
Montenegro,Filoni,1
Montenegro,Barreto Jimeno,1
Montenegro,Koch,1
Montenegro,Harvey,1
Montenegro,Mangkhanekhoun,1
Montenegro,Francis,1
Montenegro,Mcelroy,1
Montenegro,Petrocchi,1
Montenegro,Ryłko,1
Montenegro,Tscherrig,1
Montenegro,Betori,1
Montenegro,Burke,1
Montenegro,Piacenza,1
Montenegro,Brislin,1
Montenegro,Semeraro,1
Gugerotti,Sandri,3
Gugerotti,Sarah,3
Gugerotti,Rugambwa,1
Gugerotti,Herranz,1
Gugerotti,Nichols,3
Gugerotti,Scherer,2
Gugerotti,Ouellet,3
Gugerotti,Baldisseri,1
Gugerotti,Marengo,1
Gugerotti,Mamberti,2
Gugerotti,Czerny,3
Gugerotti,Calcagno,1
Gugerotti,Souraphiel,1
Gugerotti,Filoni,2
Gugerotti,Onaiyekan,1
Gugerotti,López Romero,1
Gugerotti,You Heung-Sik,4
Gugerotti,Aveline,2
Gugerotti,Woelki,1
Gugerotti,Patabendige Don,1
Gugerotti,Sturla Berhouet,1
Gugerotti,Gracias,1
Gugerotti,Nycz,1
Gugerotti,Roche,4
Gugerotti,Kutwa,1
Gugerotti,Tscherrig,2
Gugerotti,Aviz,1
Gugerotti,Koovakad,1
Gugerotti,Ghirlanda,3
Gugerotti,Ryś,1
Gugerotti,Kovithavanij,1
Gugerotti,Ouédraogo,2
Gugerotti,Erdő,2
Gugerotti,Omella,1
Gugerotti,Njue,1
Gugerotti,Rocha,1
Gugerotti,Robles Ortega,1
Gugerotti,Coccopalmerio,1
Gugerotti,Dolan,2
Gugerotti,Prevost,7
Gugerotti,Koch,5
Gugerotti,Costa,1
Gugerotti,Tsarahazana,2
Gugerotti,Parolin,4
Gugerotti,Zenari,1
Gugerotti,Farrell,3
Gugerotti,Hollerich,2
Gugerotti,Suharyo Hardjoatmodjo,2
Gugerotti,Nzapalainga,2
Gugerotti,Harvey,1
Gugerotti,Mureşan,1
Gugerotti,Mangkhanekhoun,2
Gugerotti,Sako,3
Gugerotti,Poli,1
Gugerotti,Kambanda,2
Gugerotti,De Kesel,1
Gugerotti,Baselios,2
Gugerotti,Pizzaballa,2
Gugerotti,Cupich,1
Gugerotti,Mafi,1
Gugerotti,Bertello,1
Gugerotti,Collins,1
Gugerotti,Fernández,7
Gugerotti,Turkson,3
Gugerotti,Chow Sau-Yan,1
Gugerotti,Semeraro,2
Gugerotti,Aguiar Retes,1
Gugerotti,Tempesta,1
Gugerotti,Mulla,1
Gugerotti,Advincula,1
Gugerotti,Lacroix,1
Gugerotti,Ferrão,1
Gugerotti,Arborelius,3
Gugerotti,Schönborn,3
Gugerotti,Ladaria Ferrer,3
Gugerotti,Tagle,5
Gugerotti,Marx,1
Gugerotti,Bozanić,1
Gugerotti,Grech,2
Gugerotti,Furtado,1
Gugerotti,Bertone,1
Gugerotti,Cantoni,1
Gugerotti,Lacunza Maestrojuán,1
Gugerotti,Dew,2
Gugerotti,Raï,1
Gugerotti,Aós Braco,1
Gugerotti,Ricard,1
Sandri,Mathieu,1
Sandri,Re,1
Sandri,Pizzaballa,1
Sandri,Nichols,1
Sandri,Aveline,1
Sandri,Erdő,1
Sandri,Omella,1
Sandri,Rocha,1
Sandri,Arborelius,1
Sandri,You Heung-Sik,1
Sandri,Roche,2
Sandri,Cupich,1
Sandri,Prevost,2
Sandri,Tscherrig,2
Sandri,Koch,1
Sandri,Müller,1
Sandri,Grech,2
Sandri,Burke,1
Sandri,Aviz,1
Sandri,Cantoni,1
Sandri,Versaldi,1
Sandri,Fernández,1
Sandri,Parolin,1
Sandri,Farrell,1
Sandri,Ryś,1
Sandri,Harvey,1
Sandri,Advincula,1
Sarah,Mamberti,4
Sarah,Rugambwa,3
Sarah,Patabendige Don,2
Sarah,Woelki,1
Sarah,Sturla Berhouet,2
Sarah,Nichols,1
Sarah,Roche,2
Sarah,Kutwa,1
Sarah,Scherer,1
Sarah,Krajewski,1
Sarah,Baldisseri,1
Sarah,Tscherrig,2
Sarah,Marengo,1
Sarah,Czerny,1
Sarah,Aviz,1
Sarah,Calcagno,1
Sarah,Ghirlanda,1
Sarah,Kovithavanij,1
Sarah,Ryś,1
Sarah,Ouédraogo,2
Sarah,Souraphiel,1
Sarah,Filoni,2
Sarah,Bo,1
Sarah,López Romero,1
Sarah,Erdő,2
Sarah,Njue,1
Sarah,Robles Ortega,1
Sarah,You Heung-Sik,2
Sarah,Dolan,2
Sarah,Prevost,2
Sarah,Koch,2
Sarah,Tsarahazana,1
Sarah,Parolin,3
Sarah,Zenari,1
Sarah,Farrell,2
Sarah,Suharyo Hardjoatmodjo,1
Sarah,Nzapalainga,1
Sarah,Harvey,2
Sarah,Mureşan,1
Sarah,Mangkhanekhoun,1
Sarah,Sako,1
Sarah,Poli,1
Sarah,Kambanda,1
Sarah,Baselios,1
Sarah,Pizzaballa,1
Sarah,Cupich,1
Sarah,Mafi,1
Sarah,Piacenza,2
Sarah,Bertello,1
Sarah,Collins,1
Sarah,Fernández,2
Sarah,Turkson,2
Sarah,Semeraro,3
Sarah,Petrocchi,1
Sarah,Tempesta,2
Sarah,Ryłko,1
Sarah,Lacroix,1
Sarah,Ferrão,1
Sarah,Arborelius,1
Sarah,Betori,1
Sarah,Schönborn,2
Sarah,Ladaria Ferrer,1
Sarah,Tagle,3
Sarah,Rossi,1
Sarah,Marx,1
Sarah,Bozanić,2
Sarah,Grech,1
Sarah,Burke,1
Sarah,Furtado,2
Sarah,Bertone,1
Sarah,Dew,2
Sarah,Brislin,1
Sarah,Raï,1
Sarah,Aós Braco,1
Castillo Mattasoglio,Cipriani Thorne,1
Castillo Mattasoglio,Barreto Jimeno,1
Barreto Jimeno,Krajewski,1
Barreto Jimeno,Poola,1
Barreto Jimeno,Mcelroy,1
Barreto Jimeno,Francis,1
Barreto Jimeno,Mangkhanekhoun,1
López Romero,Omella,1
López Romero,Fernández Artime,1
López Romero,Rugambwa,1
López Romero,Krajewski,1
López Romero,Mamberti,1
López Romero,Czerny,1
López Romero,Bo,1
López Romero,Sako,1
López Romero,Aveline,1
López Romero,Patabendige Don,1
López Romero,Woelki,1
López Romero,Sturla Berhouet,1
López Romero,Baselios,1
López Romero,Roche,1
López Romero,Cupich,1
López Romero,Aviz,1
López Romero,Piacenza,1
López Romero,Turkson,1
López Romero,Chow Sau-Yan,1
López Romero,Semeraro,1
López Romero,Koovakad,1
López Romero,Ryś,1
López Romero,Tempesta,1
López Romero,Ouédraogo,2
López Romero,Erdő,1
López Romero,Lacroix,1
López Romero,You Heung-Sik,1
López Romero,Tagle,2
López Romero,Rossi,1
López Romero,Bozanić,1
López Romero,Koch,1
López Romero,Grech,1
López Romero,Furtado,1
López Romero,Dew,1
López Romero,Parolin,1
López Romero,Farrell,1
López Romero,Hollerich,1
López Romero,Nzapalainga,1
López Romero,Suharyo Hardjoatmodjo,1
López Romero,Aós Braco,1
López Romero,Mangkhanekhoun,1
Omella,Nichols,1
Omella,You Heung-Sik,1
Omella,Prevost,1
Omella,Koch,1
Omella,Parolin,2
Omella,Vérgez Alzaga,1
Omella,Advincula,1
Omella,Lacroix,1
Omella,Aveline,1
Omella,Gracias,1
Omella,Roche,1
Omella,Tscherrig,1
Omella,Aviz,1
Omella,Ryś,1
Omella,Rocha,2
Omella,Arborelius,1
Omella,Cupich,1
Omella,Grech,1
Omella,Cantoni,1
Omella,Fernández,1
Omella,Hollerich,1
Omella,Ambongo Besungu,1
Fernández Artime,Tscherrig,1
Fernández Artime,Filoni,1
Fernández Artime,Bo,1
Fernández Artime,Prevost,1
Fernández Artime,Do Carmo Da Silva,1
Fernández Artime,Lacroix,1
Fernández Artime,Sturla Berhouet,1
Fernández Artime,Steiner,1
Fernández Artime,Kutwa,1
Fernández Artime,Ladaria Ferrer,1
Fernández Artime,Rossi,1
Fernández Artime,Tagle,1
Fernández Artime,Vérgez Alzaga,1
Fernández Artime,Farrell,1
Fernández Artime,Ghirlanda,1
Fernández Artime,Duka,1
Fernández Artime,Ambongo Besungu,1
Ruini,Betori,1
Ruini,Repole,1
Betori,Antonelli,1
Betori,Nichols,1
Betori,Scherer,1
Betori,Ouellet,1
Betori,Mamberti,1
Betori,Filoni,1
Betori,You Heung-Sik,1
Betori,Prevost,1
Betori,Koch,1
Betori,Harvey,1
Betori,Petrocchi,2
Betori,Advincula,1
Betori,Ryłko,1
Betori,Bustillo,1
Betori,Woelki,1
Betori,Nycz,1
Betori,Tscherrig,1
Betori,Aviz,1
Betori,Porras Cardozo,1
Betori,García Rodríguez,1
Betori,Rocha,1
Betori,Piacenza,1
Betori,Semeraro,1
Betori,Arborelius,1
Betori,Burke,1
Betori,Brislin,1
Battaglia,Bertone,1
Bertone,Ravasi,1
Bertone,Ladaria Ferrer,1
Bertone,Piacenza,1
Bertone,Parolin,3
Bertone,Farina,1
Bertone,Brandmüller,1
Bertone,Rugambwa,1
Bertone,Scherer,1
Bertone,Baldisseri,1
Bertone,Marengo,1
Bertone,Mamberti,2
Bertone,Czerny,2
Bertone,Calcagno,1
Bertone,You Heung-Sik,1
Bertone,Prevost,1
Bertone,Suharyo Hardjoatmodjo,1
Bertone,Harvey,1
Bertone,Mangkhanekhoun,1
Bertone,Kambanda,1
Bertone,Mafi,1
Bertone,Bertello,1
Bertone,Re,1
Bertone,Furtado,1
Bertone,Patabendige Don,1
Bertone,Sturla Berhouet,1
Bertone,Roche,1
Bertone,Kutwa,1
Bertone,Tscherrig,1
Bertone,Ghirlanda,1
Bertone,Kovithavanij,1
Bertone,Ouédraogo,1
Bertone,Njue,1
Bertone,Robles Ortega,1
Bertone,Dolan,1
Bertone,Tsarahazana,1
Bertone,Farrell,1
Bertone,Nzapalainga,1
Bertone,Fernández,1
Bertone,Turkson,1
Bertone,Tempesta,1
Bertone,Ferrão,1
Bertone,Schönborn,1
Bertone,Tagle,2
Bertone,Bozanić,1
Bertone,Dew,1
Calcagno,Romeo,1
Calcagno,Rugambwa,1
Calcagno,Scherer,1
Calcagno,Baldisseri,1
Calcagno,Marengo,1
Calcagno,Mamberti,1
Calcagno,Czerny,1
Calcagno,Patabendige Don,1
Calcagno,Sturla Berhouet,1
Calcagno,Kambanda,1
Calcagno,Roche,1
Calcagno,Kutwa,1
Calcagno,Mafi,1
Calcagno,Tscherrig,1
Calcagno,Bertello,1
Calcagno,Fernández,1
Calcagno,Turkson,1
Calcagno,Ghirlanda,1
Calcagno,Kovithavanij,1
Calcagno,Tempesta,1
Calcagno,Ouédraogo,1
Calcagno,Ferrão,1
Calcagno,Njue,1
Calcagno,Robles Ortega,1
Calcagno,You Heung-Sik,1
Calcagno,Dolan,1
Calcagno,Schönborn,1
Calcagno,Tagle,1
Calcagno,Prevost,1
Calcagno,Bozanić,1
Calcagno,Furtado,1
Calcagno,Tsarahazana,1
Calcagno,Dew,1
Calcagno,Parolin,1
Calcagno,Farrell,1
Calcagno,Nzapalainga,1
Calcagno,Suharyo Hardjoatmodjo,1
Calcagno,Harvey,1
Calcagno,Mangkhanekhoun,1
Romeo,Becciu,1
Romeo,Jiménez Carvajal,1
Romeo,Cantoni,1
Romeo,Salazar Gómez,1
Mamberti,Rugambwa,2
Mamberti,Herranz,1
Mamberti,Krajewski,1
Mamberti,Scherer,1
Mamberti,Ouellet,1
Mamberti,Baldisseri,1
Mamberti,Marengo,1
Mamberti,Patabendige Don,2
Mamberti,Woelki,1
Mamberti,Sturla Berhouet,2
Mamberti,Gracias,1
Mamberti,Roche,2
Mamberti,Kutwa,1
Mamberti,Tscherrig,2
Mamberti,Aviz,1
Mamberti,Czerny,2
Mamberti,Ryś,1
Mamberti,Ghirlanda,2
Mamberti,Kovithavanij,1
Mamberti,Ouédraogo,2
Mamberti,Filoni,1
Mamberti,Bo,1
Mamberti,Erdő,2
Mamberti,Njue,1
Mamberti,Robles Ortega,1
Mamberti,You Heung-Sik,3
Mamberti,Coccopalmerio,1
Mamberti,Dolan,1
Mamberti,Prevost,2
Mamberti,Koch,1
Mamberti,Tsarahazana,1
Mamberti,Parolin,3
Mamberti,Farrell,3
Mamberti,Nzapalainga,1
Mamberti,Suharyo Hardjoatmodjo,1
Mamberti,Harvey,2
Mamberti,Mangkhanekhoun,1
Mamberti,Kambanda,1
Mamberti,Cupich,1
Mamberti,Mafi,1
Mamberti,Piacenza,2
Mamberti,Bertello,1
Mamberti,Fernández,2
Mamberti,Turkson,2
Mamberti,Semeraro,2
Mamberti,Petrocchi,1
Mamberti,Tempesta,2
Mamberti,Ryłko,1
Mamberti,Ferrão,1
Mamberti,Lacroix,1
Mamberti,Schönborn,1
Mamberti,Rossi,1
Mamberti,Tagle,4
Mamberti,Re,1
Mamberti,Bozanić,2
Mamberti,Grech,1
Mamberti,Burke,1
Mamberti,Furtado,2
Mamberti,Dew,2
Mamberti,Brislin,1
Mamberti,Aós Braco,1
DiNardo,Wuerl,1
DiNardo,Burke,1
Burke,Re,1
Burke,Filoni,1
Burke,Koch,1
Burke,Müller,1
Burke,Versaldi,1
Burke,Harvey,2
Burke,Petrocchi,1
Burke,Ryłko,1
Burke,Tscherrig,2
Burke,Erdő,1
Burke,Piacenza,1
Burke,Semeraro,1
Burke,Grech,1
Burke,Brislin,1
Nzapalainga,Filoni,1
Nzapalainga,Rugambwa,1
Nzapalainga,Scherer,1
Nzapalainga,Baldisseri,1
Nzapalainga,Marengo,1
Nzapalainga,Czerny,2
Nzapalainga,You Heung-Sik,1
Nzapalainga,Prevost,1
Nzapalainga,Koch,1
Nzapalainga,Parolin,1
Nzapalainga,Suharyo Hardjoatmodjo,2
Nzapalainga,Harvey,1
Nzapalainga,Mangkhanekhoun,2
Nzapalainga,Sako,1
Nzapalainga,Kambanda,1
Nzapalainga,Mafi,1
Nzapalainga,Bertello,1
Nzapalainga,Furtado,1
Nzapalainga,Aveline,1
Nzapalainga,Patabendige Don,1
Nzapalainga,Sturla Berhouet,1
Nzapalainga,Roche,1
Nzapalainga,Kutwa,1
Nzapalainga,Tscherrig,1
Nzapalainga,Koovakad,1
Nzapalainga,Ghirlanda,1
Nzapalainga,Kovithavanij,1
Nzapalainga,Ouédraogo,2
Nzapalainga,Njue,1
Nzapalainga,Robles Ortega,1
Nzapalainga,Dolan,1
Nzapalainga,Tsarahazana,1
Nzapalainga,Farrell,1
Nzapalainga,Hollerich,1
Nzapalainga,Baselios,1
Nzapalainga,Fernández,1
Nzapalainga,Turkson,1
Nzapalainga,Chow Sau-Yan,1
Nzapalainga,Tempesta,1
Nzapalainga,Ferrão,1
Nzapalainga,Schönborn,1
Nzapalainga,Tagle,2
Nzapalainga,Bozanić,1
Nzapalainga,Dew,1
Filoni,Re,1
Filoni,Nichols,1
Filoni,Ouellet,1
Filoni,Souraphiel,1
Filoni,Sako,1
Filoni,Poli,1
Filoni,Sturla Berhouet,1
Filoni,Baselios,1
Filoni,Pizzaballa,1
Filoni,Kutwa,1
Filoni,Tscherrig,1
Filoni,Piacenza,1
Filoni,Collins,1
Filoni,Vérgez Alzaga,1
Filoni,Fernández,2
Filoni,Turkson,1
Filoni,Semeraro,3
Filoni,Petrocchi,1
Filoni,Ghirlanda,2
Filoni,Mulla,1
Filoni,Duka,1
Filoni,Ryłko,1
Filoni,Do Carmo Da Silva,1
Filoni,Onaiyekan,1
Filoni,Bo,1
Filoni,Erdő,1
Filoni,Lacroix,1
Filoni,Arborelius,1
Filoni,Steiner,1
Filoni,Dolan,1
Filoni,Schönborn,2
Filoni,Ladaria Ferrer,2
Filoni,Rossi,1
Filoni,Prevost,3
Filoni,Tagle,2
Filoni,Marx,1
Filoni,Koch,3
Filoni,Parolin,2
Filoni,Zenari,1
Filoni,Farrell,1
Filoni,Brislin,1
Filoni,Raï,1
Filoni,Harvey,1
Filoni,Mureşan,1
Filoni,Ambongo Besungu,1
Tscherrig,Rugambwa,1
Tscherrig,Nichols,1
Tscherrig,Scherer,1
Tscherrig,Baldisseri,1
Tscherrig,Marengo,1
Tscherrig,Czerny,1
Tscherrig,You Heung-Sik,2
Tscherrig,Prevost,2
Tscherrig,Koch,2
Tscherrig,Müller,1
Tscherrig,Versaldi,1
Tscherrig,Parolin,2
Tscherrig,Suharyo Hardjoatmodjo,1
Tscherrig,Harvey,3
Tscherrig,Mangkhanekhoun,1
Tscherrig,Kambanda,1
Tscherrig,Mafi,1
Tscherrig,Bertello,1
Tscherrig,Petrocchi,1
Tscherrig,Advincula,1
Tscherrig,Ryłko,1
Tscherrig,Furtado,1
Tscherrig,Aveline,1
Tscherrig,Patabendige Don,1
Tscherrig,Sturla Berhouet,1
Tscherrig,Roche,2
Tscherrig,Kutwa,1
Tscherrig,Aviz,1
Tscherrig,Ghirlanda,1
Tscherrig,Kovithavanij,1
Tscherrig,Ryś,1
Tscherrig,Ouédraogo,1
Tscherrig,Erdő,1
Tscherrig,Rocha,1
Tscherrig,Njue,1
Tscherrig,Robles Ortega,1
Tscherrig,Dolan,1
Tscherrig,Tsarahazana,1
Tscherrig,Farrell,1
Tscherrig,Cupich,1
Tscherrig,Piacenza,1
Tscherrig,Fernández,2
Tscherrig,Turkson,1
Tscherrig,Semeraro,1
Tscherrig,Tempesta,1
Tscherrig,Ferrão,1
Tscherrig,Arborelius,1
Tscherrig,Schönborn,1
Tscherrig,Tagle,1
Tscherrig,Bozanić,1
Tscherrig,Grech,2
Tscherrig,Cantoni,1
Tscherrig,Dew,1
Tscherrig,Brislin,1
Vérgez Alzaga,Bertello,1
Vérgez Alzaga,Bo,1
Vérgez Alzaga,Prevost,1
Vérgez Alzaga,Parolin,1
Vérgez Alzaga,Do Carmo Da Silva,1
Vérgez Alzaga,Rocha,1
Vérgez Alzaga,Lacroix,2
Vérgez Alzaga,Sturla Berhouet,1
Vérgez Alzaga,Gracias,1
Vérgez Alzaga,Steiner,1
Vérgez Alzaga,Kutwa,1
Vérgez Alzaga,Ladaria Ferrer,1
Vérgez Alzaga,Rossi,1
Vérgez Alzaga,Tagle,1
Vérgez Alzaga,Farrell,1
Vérgez Alzaga,Hollerich,1
Vérgez Alzaga,Ghirlanda,1
Vérgez Alzaga,Duka,1
Vérgez Alzaga,Ambongo Besungu,2
Bertello,Krajewski,1
Bertello,Rugambwa,1
Bertello,Scherer,1
Bertello,Baldisseri,1
Bertello,Marengo,1
Bertello,Czerny,1
Bertello,You Heung-Sik,1
Bertello,Prevost,1
Bertello,Parolin,1
Bertello,Suharyo Hardjoatmodjo,1
Bertello,Harvey,1
Bertello,Mangkhanekhoun,1
Bertello,Kambanda,1
Bertello,Mafi,1
Bertello,Patabendige Don,1
Bertello,Sturla Berhouet,1
Bertello,Roche,1
Bertello,Kutwa,1
Bertello,Fernández,1
Bertello,Turkson,1
Bertello,Ghirlanda,1
Bertello,Kovithavanij,1
Bertello,Tempesta,1
Bertello,Ouédraogo,1
Bertello,Ferrão,1
Bertello,Njue,1
Bertello,Robles Ortega,1
Bertello,Dolan,1
Bertello,Schönborn,1
Bertello,Tagle,1
Bertello,Bozanić,1
Bertello,Furtado,1
Bertello,Tsarahazana,1
Bertello,Dew,1
Bertello,Farrell,1
Baggio,Czerny,1
Baggio,Tomasi,1
Czerny,Parolin,3
Czerny,Turkson,3
Czerny,Rugambwa,1
Czerny,Nichols,1
Czerny,Scherer,1
Czerny,Baldisseri,1
Czerny,Marengo,1
Czerny,Sako,1
Czerny,Aveline,1
Czerny,Patabendige Don,1
Czerny,Woelki,1
Czerny,Sturla Berhouet,1
Czerny,Kambanda,1
Czerny,Baselios,1
Czerny,Roche,1
Czerny,Kutwa,1
Czerny,Pizzaballa,1
Czerny,Mafi,1
Czerny,Fernández,2
Czerny,Chow Sau-Yan,1
Czerny,Koovakad,1
Czerny,Ghirlanda,1
Czerny,Kovithavanij,1
Czerny,Tempesta,1
Czerny,Ouédraogo,2
Czerny,Ferrão,1
Czerny,Njue,1
Czerny,Robles Ortega,1
Czerny,You Heung-Sik,1
Czerny,Arborelius,1
Czerny,Dolan,1
Czerny,Schönborn,1
Czerny,Tagle,3
Czerny,Re,1
Czerny,Prevost,1
Czerny,Ladaria Ferrer,1
Czerny,Bozanić,1
Czerny,Koch,2
Czerny,Grech,1
Czerny,Furtado,1
Czerny,Tsarahazana,1
Czerny,Costa,1
Czerny,Dew,2
Czerny,Farrell,1
Czerny,Hollerich,1
Czerny,Suharyo Hardjoatmodjo,2
Czerny,Harvey,1
Czerny,Ricard,1
Czerny,Mangkhanekhoun,2
Bustillo,Aveline,1
Bustillo,Nichols,1
Bustillo,Scherer,1
Bustillo,Ouellet,1
Bustillo,You Heung-Sik,1
Bustillo,Prevost,1
Bustillo,Petrocchi,1
Bustillo,Advincula,1
Bustillo,García Rodríguez,1
Bustillo,Woelki,1
Bustillo,Rocha,1
Bustillo,Arborelius,1
Bustillo,Nycz,1
Bustillo,Aviz,1
Bustillo,Porras Cardozo,1
Aveline,Nichols,1
Aveline,You Heung-Sik,1
Aveline,Prevost,1
Aveline,Koch,2
Aveline,Parolin,1
Aveline,Suharyo Hardjoatmodjo,1
Aveline,Mangkhanekhoun,1
Aveline,Sako,1
Aveline,Advincula,1
Aveline,Baselios,1
Aveline,Roche,1
Aveline,Cupich,1
Aveline,Aviz,1
Aveline,Fernández,1
Aveline,Chow Sau-Yan,1
Aveline,Koovakad,1
Aveline,Ryś,1
Aveline,Ouédraogo,1
Aveline,Rocha,1
Aveline,Arborelius,1
Aveline,Tagle,1
Aveline,Grech,1
Aveline,Cantoni,1
Aveline,Hollerich,1
Re,Errázuriz Ossa,1
Re,Herranz,1
Re,Saraiva Martins,1
Re,Koch,1
Re,Fitzgerald,1
Re,Ouellet,1
Re,Erdő,1
Re,Ryłko,1
Re,Puljić,1
Re,Parolin,1
Re,Tagle,1
Chomalí Garib,Ezzati Andrello,1
Ezzati Andrello,Errázuriz Ossa,1
Kovithavanij,Kitbunchu,1
Kovithavanij,Rugambwa,1
Kovithavanij,Scherer,1
Kovithavanij,Baldisseri,1
Kovithavanij,Marengo,1
Kovithavanij,You Heung-Sik,1
Kovithavanij,Prevost,1
Kovithavanij,Parolin,1
Kovithavanij,Suharyo Hardjoatmodjo,1
Kovithavanij,Harvey,1
Kovithavanij,Mangkhanekhoun,1
Kovithavanij,Kambanda,1
Kovithavanij,Mafi,1
Kovithavanij,Furtado,1
Kovithavanij,Patabendige Don,1
Kovithavanij,Sturla Berhouet,1
Kovithavanij,Roche,1
Kovithavanij,Kutwa,1
Kovithavanij,Ghirlanda,1
Kovithavanij,Fernández,1
Kovithavanij,Turkson,1
Kovithavanij,Tempesta,1
Kovithavanij,Ouédraogo,1
Kovithavanij,Ferrão,1
Kovithavanij,Njue,1
Kovithavanij,Robles Ortega,1
Kovithavanij,Dolan,1
Kovithavanij,Schönborn,1
Kovithavanij,Tagle,1
Kovithavanij,Bozanić,1
Kovithavanij,Tsarahazana,1
Kovithavanij,Dew,1
Kovithavanij,Farrell,1
Errázuriz Ossa,Rigali,1
Rigali,Herranz,1
Rigali,Baldisseri,1
Rigali,Dolan,1
Rigali,Puljić,1
Wetter,Müller,1
Müller,Grech,1
Müller,Erdő,1
Müller,Versaldi,1
Müller,Harvey,1
Krajewski,Rugambwa,1
Krajewski,Patabendige Don,1
Krajewski,Woelki,1
Krajewski,Sturla Berhouet,1
Krajewski,Roche,1
Krajewski,Abril Y Castelló,1
Krajewski,Cupich,1
Krajewski,Francis,1
Krajewski,Aviz,1
Krajewski,Mcelroy,1
Krajewski,Piacenza,1
Krajewski,Turkson,1
Krajewski,Semeraro,1
Krajewski,Petrocchi,1
Krajewski,Ryś,1
Krajewski,Tempesta,1
Krajewski,Poola,1
Krajewski,Ouédraogo,1
Krajewski,Bo,1
Krajewski,Erdő,1
Krajewski,Lacroix,1
Krajewski,You Heung-Sik,1
Krajewski,Schönborn,1
Krajewski,Tagle,2
Krajewski,Rossi,1
Krajewski,Bozanić,1
Krajewski,Grech,1
Krajewski,Furtado,1
Krajewski,Dew,1
Krajewski,Parolin,1
Krajewski,Farrell,1
Krajewski,Aós Braco,1
Krajewski,Mangkhanekhoun,1
Lacroix,Ouellet,2
Lacroix,Rugambwa,1
Lacroix,Scherer,2
Lacroix,Ramazzini Imeri,1
Lacroix,Bo,2
Lacroix,You Heung-Sik,2
Lacroix,Prevost,2
Lacroix,Parolin,2
Lacroix,Sako,2
Lacroix,Kambanda,1
Lacroix,Mcelroy,1
Lacroix,Petrocchi,1
Lacroix,Do Carmo Da Silva,1
Lacroix,Patabendige Don,1
Lacroix,Woelki,1
Lacroix,Sturla Berhouet,2
Lacroix,Gracias,1
Lacroix,Nycz,1
Lacroix,Roche,2
Lacroix,Kutwa,1
Lacroix,Goh,1
Lacroix,Aviz,1
Lacroix,Porras Cardozo,1
Lacroix,Ghirlanda,1
Lacroix,Ryś,1
Lacroix,Duka,1
Lacroix,Ouédraogo,1
Lacroix,Erdő,2
Lacroix,Rocha,1
Lacroix,Tsarahazana,1
Lacroix,Farrell,3
Lacroix,Hollerich,2
Lacroix,Ambongo Besungu,2
Lacroix,De Kesel,1
Lacroix,Cupich,1
Lacroix,Piacenza,1
Lacroix,Turkson,1
Lacroix,Fernández,2
Lacroix,Semeraro,1
Lacroix,Aguiar Retes,1
Lacroix,Tempesta,1
Lacroix,Arborelius,1
Lacroix,Steiner,1
Lacroix,Ladaria Ferrer,2
Lacroix,Rossi,2
Lacroix,Tagle,3
Lacroix,Marx,1
Lacroix,Okpaleke,1
Lacroix,Bozanić,1
Lacroix,Grech,1
Lacroix,Furtado,1
Lacroix,Lacunza Maestrojuán,1
Lacroix,Dew,1
Lacroix,Aós Braco,2
Lacroix,Gregory,1
Ouellet,Herranz,1
Ouellet,Nichols,1
Ouellet,Scherer,2
Ouellet,Sako,1
Ouellet,Woelki,1
Ouellet,De Kesel,1
Ouellet,Kambanda,1
Ouellet,Nycz,2
Ouellet,Gracias,1
Ouellet,Roche,1
Ouellet,Aviz,1
Ouellet,Fernández,3
Ouellet,Turkson,1
Ouellet,Porras Cardozo,1
Ouellet,Semeraro,1
Ouellet,Petrocchi,1
Ouellet,Aguiar Retes,1
Ouellet,Ghirlanda,2
Ouellet,Mulla,1
Ouellet,Advincula,1
Ouellet,Onaiyekan,1
Ouellet,García Rodríguez,1
Ouellet,Erdő,1
Ouellet,Rocha,1
Ouellet,Arborelius,1
Ouellet,You Heung-Sik,3
Ouellet,Coccopalmerio,1
Ouellet,Schönborn,1
Ouellet,Tagle,2
Ouellet,Ladaria Ferrer,1
Ouellet,Prevost,4
Ouellet,Koch,1
Ouellet,Tsarahazana,1
Ouellet,Lacunza Maestrojuán,1
Ouellet,Parolin,1
Ouellet,Farrell,1
Ouellet,Hollerich,1
Ouellet,Aós Braco,1
Marengo,Tagle,2
Marengo,Rugambwa,1
Marengo,Scherer,1
Marengo,Baldisseri,1
Marengo,Patabendige Don,1
Marengo,Sturla Berhouet,1
Marengo,Kambanda,1
Marengo,Roche,1
Marengo,Kutwa,1
Marengo,Mafi,1
Marengo,Fernández,1
Marengo,Turkson,1
Marengo,Ghirlanda,1
Marengo,Tempesta,1
Marengo,Ouédraogo,1
Marengo,Ferrão,1
Marengo,Njue,1
Marengo,Robles Ortega,1
Marengo,You Heung-Sik,1
Marengo,Dolan,1
Marengo,Schönborn,1
Marengo,Prevost,1
Marengo,Bozanić,1
Marengo,Furtado,1
Marengo,Tsarahazana,1
Marengo,Dew,1
Marengo,Parolin,1
Marengo,Farrell,1
Marengo,Suharyo Hardjoatmodjo,1
Marengo,Harvey,1
Marengo,Mangkhanekhoun,1
Tagle,Rugambwa,2
Tagle,Herranz,1
Tagle,Nichols,1
Tagle,Scherer,2
Tagle,Baldisseri,1
Tagle,Souraphiel,1
Tagle,Bo,2
Tagle,You Heung-Sik,4
Tagle,Prevost,5
Tagle,Koch,2
Tagle,Parolin,4
Tagle,Suharyo Hardjoatmodjo,2
Tagle,Harvey,2
Tagle,Mangkhanekhoun,2
Tagle,Sako,3
Tagle,Poli,1
Tagle,Kambanda,2
Tagle,Mafi,1
Tagle,Petrocchi,1
Tagle,Do Carmo Da Silva,1
Tagle,Ladaria Ferrer,3
Tagle,Furtado,2
Tagle,Lacunza Maestrojuán,1
Tagle,Woelki,2
Tagle,Patabendige Don,2
Tagle,Sturla Berhouet,4
Tagle,Gracias,1
Tagle,Nycz,1
Tagle,Roche,3
Tagle,Kutwa,2
Tagle,Abril Y Castelló,1
Tagle,Pierre,1
Tagle,Aviz,1
Tagle,Koovakad,1
Tagle,Ryś,1
Tagle,Ghirlanda,3
Tagle,Duka,1
Tagle,Ouédraogo,3
Tagle,Erdő,3
Tagle,Njue,1
Tagle,Robles Ortega,1
Tagle,Coccopalmerio,1
Tagle,Dolan,2
Tagle,Tsarahazana,2
Tagle,Zenari,1
Tagle,Farrell,5
Tagle,Hollerich,2
Tagle,Mureşan,1
Tagle,Ambongo Besungu,1
Tagle,De Kesel,1
Tagle,Baselios,2
Tagle,Pizzaballa,1
Tagle,Cupich,1
Tagle,Piacenza,1
Tagle,Collins,1
Tagle,Fernández,4
Tagle,Turkson,3
Tagle,Chow Sau-Yan,1
Tagle,Semeraro,2
Tagle,Aguiar Retes,1
Tagle,Tempesta,2
Tagle,Ferrão,1
Tagle,Arborelius,1
Tagle,Steiner,1
Tagle,Schönborn,3
Tagle,Rossi,2
Tagle,Marx,1
Tagle,Bozanić,2
Tagle,Grech,1
Tagle,Dew,2
Tagle,Raï,1
Tagle,Aós Braco,2
Herranz,Erdő,1
Herranz,Fernández,1
Herranz,Coccopalmerio,1
Herranz,You Heung-Sik,1
Herranz,Farrell,1
Herranz,Gracias,1
Herranz,Ghirlanda,1
Herranz,Prevost,1
Koch,Nichols,3
Koch,Souraphiel,1
Koch,Onaiyekan,1
Koch,You Heung-Sik,1
Koch,Prevost,3
Koch,Woelki,1
Koch,Roche,1
Koch,Aviz,1
Koch,Koovakad,1
Koch,Ryś,1
Koch,Ghirlanda,1
Koch,Ouédraogo,1
Koch,Erdő,1
Koch,Rocha,1
Koch,Dolan,1
Koch,Costa,1
Koch,Parolin,3
Koch,Zenari,1
Koch,Hollerich,1
Koch,Suharyo Hardjoatmodjo,1
Koch,Harvey,1
Koch,Mureşan,1
Koch,Mangkhanekhoun,1
Koch,Sako,2
Koch,Poli,1
Koch,Baselios,2
Koch,Pizzaballa,2
Koch,Cupich,1
Koch,Piacenza,1
Koch,Collins,1
Koch,Fernández,4
Koch,Turkson,2
Koch,Chow Sau-Yan,1
Koch,Semeraro,3
Koch,Petrocchi,1
Koch,Mulla,1
Koch,Advincula,1
Koch,Ryłko,1
Koch,Arborelius,3
Koch,Schönborn,2
Koch,Ladaria Ferrer,2
Koch,Marx,1
Koch,Grech,2
Koch,Cantoni,1
Koch,Dew,1
Koch,Brislin,1
Koch,Raï,1
Koch,Ricard,1
Erdő,Nemet,1
Erdő,Rugambwa,1
Erdő,Nichols,1
Erdő,Scherer,1
Erdő,Souraphiel,1
Erdő,Bo,1
Erdő,You Heung-Sik,2
Erdő,Prevost,2
Erdő,Versaldi,1
Erdő,Parolin,2
Erdő,Harvey,1
Erdő,Sako,2
Erdő,Poli,1
Erdő,Petrocchi,1
Erdő,Ladaria Ferrer,1
Erdő,Furtado,1
Erdő,Woelki,1
Erdő,Patabendige Don,1
Erdő,Sturla Berhouet,1
Erdő,Gracias,1
Erdő,Roche,1
Erdő,Aviz,1
Erdő,Ryś,1
Erdő,Ghirlanda,1
Erdő,Ouédraogo,1
Erdő,Dolan,1
Erdő,Coccopalmerio,1
Erdő,Zenari,1
Erdő,Farrell,2
Erdő,Mureşan,1
Erdő,Baselios,1
Erdő,Pizzaballa,1
Erdő,Cupich,1
Erdő,Piacenza,1
Erdő,Collins,1
Erdő,Fernández,2
Erdő,Turkson,1
Erdő,Semeraro,2
Erdő,Tempesta,1
Erdő,Arborelius,2
Erdő,Schönborn,1
Erdő,Rossi,1
Erdő,Marx,2
Erdő,Bozanić,1
Erdő,Grech,2
Erdő,Dew,1
Erdő,Raï,1
Erdő,Aós Braco,1
Ryłko,Ryś,1
Ryłko,Makrickas,1
Ryłko,Harvey,1
Ryłko,Petrocchi,1
Ryłko,Piacenza,1
Ryłko,Brislin,1
Ryłko,Semeraro,1
Rosales,David,1
Ryś,Dziwisz,1
Ryś,Rugambwa,1
Ryś,Nichols,1
Ryś,Bo,1
Ryś,You Heung-Sik,2
Ryś,Prevost,1
Ryś,Parolin,2
Ryś,Advincula,1
Ryś,Furtado,1
Ryś,Woelki,1
Ryś,Patabendige Don,1
Ryś,Sturla Berhouet,1
Ryś,Roche,2
Ryś,Aviz,2
Ryś,Cupich,2
Ryś,Piacenza,1
Ryś,Fernández,1
Ryś,Turkson,1
Ryś,Semeraro,1
Ryś,Tempesta,1
Ryś,Ouédraogo,1
Ryś,Rocha,1
Ryś,Arborelius,1
Ryś,Rossi,1
Ryś,Bozanić,1
Ryś,Grech,2
Ryś,Cantoni,1
Ryś,Dew,1
Ryś,Farrell,1
Ryś,Aós Braco,1
Zubeir Wako,Mulla,1
Mulla,Onaiyekan,1
Mulla,Prevost,1
Mulla,Parolin,1
Mulla,Ghirlanda,1
Mulla,Fernández,1
Mulla,Turkson,1
Mulla,Semeraro,1
Mulla,Schönborn,1
Suharyo Hardjoatmodjo,Darmaatmadja,1
Suharyo Hardjoatmodjo,Rugambwa,1
Suharyo Hardjoatmodjo,Scherer,1
Suharyo Hardjoatmodjo,Baldisseri,1
Suharyo Hardjoatmodjo,You Heung-Sik,1
Suharyo Hardjoatmodjo,Prevost,1
Suharyo Hardjoatmodjo,Parolin,1
Suharyo Hardjoatmodjo,Sako,1
Suharyo Hardjoatmodjo,Patabendige Don,1
Suharyo Hardjoatmodjo,Sturla Berhouet,1
Suharyo Hardjoatmodjo,Kambanda,1
Suharyo Hardjoatmodjo,Baselios,1
Suharyo Hardjoatmodjo,Roche,1
Suharyo Hardjoatmodjo,Kutwa,1
Suharyo Hardjoatmodjo,Mafi,1
Suharyo Hardjoatmodjo,Fernández,1
Suharyo Hardjoatmodjo,Turkson,1
Suharyo Hardjoatmodjo,Chow Sau-Yan,1
Suharyo Hardjoatmodjo,Koovakad,1
Suharyo Hardjoatmodjo,Ghirlanda,1
Suharyo Hardjoatmodjo,Tempesta,1
Suharyo Hardjoatmodjo,Ouédraogo,2
Suharyo Hardjoatmodjo,Ferrão,1
Suharyo Hardjoatmodjo,Njue,1
Suharyo Hardjoatmodjo,Robles Ortega,1
Suharyo Hardjoatmodjo,Dolan,1
Suharyo Hardjoatmodjo,Schönborn,1
Suharyo Hardjoatmodjo,Bozanić,1
Suharyo Hardjoatmodjo,Furtado,1
Suharyo Hardjoatmodjo,Tsarahazana,1
Suharyo Hardjoatmodjo,Dew,1
Suharyo Hardjoatmodjo,Farrell,1
Suharyo Hardjoatmodjo,Hollerich,1
Suharyo Hardjoatmodjo,Harvey,1
Suharyo Hardjoatmodjo,Mangkhanekhoun,2
Tong Hon,Chow Sau-Yan,1
Chow Sau-Yan,Zen Ze-kiun,1
Chow Sau-Yan,Mangkhanekhoun,1
Chow Sau-Yan,Sako,1
Chow Sau-Yan,Koovakad,1
Chow Sau-Yan,Ouédraogo,1
Chow Sau-Yan,Hollerich,1
Chow Sau-Yan,Baselios,1
Onaiyekan,Okpaleke,1
Onaiyekan,Fernández,1
Onaiyekan,Parolin,1
Onaiyekan,Turkson,1
Onaiyekan,Schönborn,1
Onaiyekan,Semeraro,1
Onaiyekan,Ghirlanda,1
Onaiyekan,Prevost,1
Okpaleke,Ramazzini Imeri,1
Okpaleke,Mcelroy,1
Okpaleke,Fernández,1
Okpaleke,Farrell,1
Okpaleke,Porras Cardozo,1
Okpaleke,Goh,1
Okpaleke,Gregory,1
Baldisseri,Spengler,1
Baldisseri,Rugambwa,1
Baldisseri,Scherer,1
Baldisseri,Patabendige Don,1
Baldisseri,Sturla Berhouet,1
Baldisseri,Kambanda,1
Baldisseri,Roche,1
Baldisseri,Kutwa,1
Baldisseri,Mafi,1
Baldisseri,Fernández,1
Baldisseri,Turkson,1
Baldisseri,Ghirlanda,1
Baldisseri,Tempesta,1
Baldisseri,Ouédraogo,1
Baldisseri,Ferrão,1
Baldisseri,Njue,1
Baldisseri,Robles Ortega,1
Baldisseri,You Heung-Sik,1
Baldisseri,Dolan,1
Baldisseri,Schönborn,1
Baldisseri,Prevost,1
Baldisseri,Bozanić,1
Baldisseri,Furtado,1
Baldisseri,Tsarahazana,1
Baldisseri,Dew,1
Baldisseri,Parolin,1
Baldisseri,Farrell,1
Baldisseri,Harvey,1
Baldisseri,Mangkhanekhoun,1
Dolan,Rugambwa,1
Dolan,Nichols,1
Dolan,Scherer,1
Dolan,Souraphiel,1
Dolan,You Heung-Sik,1
Dolan,Prevost,2
Dolan,Parolin,2
Dolan,Harvey,1
Dolan,Mangkhanekhoun,1
Dolan,Sako,1
Dolan,Poli,1
Dolan,Kambanda,1
Dolan,Mafi,1
Dolan,Ladaria Ferrer,1
Dolan,Furtado,1
Dolan,Patabendige Don,1
Dolan,Sturla Berhouet,1
Dolan,Roche,1
Dolan,Kutwa,1
Dolan,Ghirlanda,1
Dolan,Ouédraogo,1
Dolan,Njue,1
Dolan,Robles Ortega,1
Dolan,Baselios,1
Dolan,Pizzaballa,1
Dolan,Collins,1
Dolan,Fernández,2
Dolan,Turkson,1
Dolan,Semeraro,1
Dolan,Tempesta,1
Dolan,Ferrão,1
Dolan,Arborelius,1
Dolan,Schönborn,2
Dolan,Marx,1
Dolan,Bozanić,1
Dolan,Tsarahazana,1
Dolan,Dew,1
Dolan,Zenari,1
Dolan,Farrell,1
Dolan,Raï,1
Dolan,Mureşan,1
Spengler,Steiner,1
Steiner,Bo,1
Steiner,Prevost,1
Steiner,Do Carmo Da Silva,1
Steiner,Ladaria Ferrer,1
Steiner,Sturla Berhouet,1
Steiner,Kutwa,1
Steiner,Ghirlanda,1
Steiner,Duka,1
Steiner,Farrell,1
Steiner,Ambongo Besungu,1
Steiner,Rossi,1
Stafford,Farina,1
Farina,Brandmüller,1
Vesco,Barbarin,1
Ladaria Ferrer,Nichols,2
Ladaria Ferrer,Scherer,1
Ladaria Ferrer,Souraphiel,1
Ladaria Ferrer,Bo,1
Ladaria Ferrer,You Heung-Sik,1
Ladaria Ferrer,Prevost,3
Ladaria Ferrer,Costa,1
Ladaria Ferrer,Parolin,1
Ladaria Ferrer,Sako,2
Ladaria Ferrer,Poli,1
Ladaria Ferrer,Kambanda,1
Ladaria Ferrer,Do Carmo Da Silva,1
Ladaria Ferrer,Woelki,1
Ladaria Ferrer,Sturla Berhouet,1
Ladaria Ferrer,Nycz,1
Ladaria Ferrer,Roche,1
Ladaria Ferrer,Kutwa,1
Ladaria Ferrer,Ghirlanda,1
Ladaria Ferrer,Duka,1
Ladaria Ferrer,Tsarahazana,1
Ladaria Ferrer,Zenari,1
Ladaria Ferrer,Farrell,1
Ladaria Ferrer,Hollerich,1
Ladaria Ferrer,Mureşan,1
Ladaria Ferrer,Ambongo Besungu,1
Ladaria Ferrer,De Kesel,1
Ladaria Ferrer,Baselios,1
Ladaria Ferrer,Pizzaballa,2
Ladaria Ferrer,Collins,1
Ladaria Ferrer,Fernández,3
Ladaria Ferrer,Turkson,1
Ladaria Ferrer,Semeraro,1
Ladaria Ferrer,Aguiar Retes,1
Ladaria Ferrer,Arborelius,2
Ladaria Ferrer,Schönborn,1
Ladaria Ferrer,Rossi,1
Ladaria Ferrer,Marx,1
Ladaria Ferrer,Grech,1
Ladaria Ferrer,Lacunza Maestrojuán,1
Ladaria Ferrer,Dew,1
Ladaria Ferrer,Raï,1
Ladaria Ferrer,Aós Braco,1
Ladaria Ferrer,Ricard,1
Pizzaballa,Nichols,2
Pizzaballa,Souraphiel,1
Pizzaballa,Prevost,1
Pizzaballa,Costa,1
Pizzaballa,Parolin,1
Pizzaballa,Sako,1
Pizzaballa,Poli,1
Pizzaballa,Ricard,1
Pizzaballa,Woelki,1
Pizzaballa,Zenari,1
Pizzaballa,Mureşan,1
Pizzaballa,Baselios,1
Pizzaballa,Collins,1
Pizzaballa,Fernández,2
Pizzaballa,Turkson,1
Pizzaballa,Semeraro,1
Pizzaballa,Arborelius,2
Pizzaballa,Schönborn,1
Pizzaballa,Marx,1
Pizzaballa,Grech,1
Pizzaballa,Dew,1
Pizzaballa,Raï,1
Parolin,Makrickas,1
Parolin,Rugambwa,2
Parolin,Nichols,2
Parolin,Scherer,1
Parolin,Souraphiel,1
Parolin,Bo,1
Parolin,You Heung-Sik,3
Parolin,Prevost,4
Parolin,Patabendige Don,2
Parolin,Woelki,1
Parolin,Sturla Berhouet,2
Parolin,Gracias,1
Parolin,Roche,3
Parolin,Kutwa,1
Parolin,Aviz,2
Parolin,Ghirlanda,2
Parolin,Ouédraogo,2
Parolin,Njue,1
Parolin,Robles Ortega,1
Parolin,Rocha,2
Parolin,Tsarahazana,1
Parolin,Zenari,1
Parolin,Farrell,2
Parolin,Hollerich,1
Parolin,Harvey,1
Parolin,Mureşan,1
Parolin,Mangkhanekhoun,1
Parolin,Sako,1
Parolin,Ambongo Besungu,1
Parolin,Poli,1
Parolin,Kambanda,1
Parolin,Baselios,1
Parolin,Cupich,2
Parolin,Mafi,1
Parolin,Piacenza,1
Parolin,Collins,1
Parolin,Fernández,4
Parolin,Turkson,3
Parolin,Semeraro,3
Parolin,Tempesta,2
Parolin,Advincula,1
Parolin,Ferrão,1
Parolin,Arborelius,2
Parolin,Schönborn,3
Parolin,Rossi,1
Parolin,Marx,1
Parolin,Bozanić,2
Parolin,Grech,2
Parolin,Furtado,2
Parolin,Cantoni,1
Parolin,Dew,2
Parolin,Raï,1
Parolin,Aós Braco,1
Turkson,Rugambwa,2
Turkson,Nichols,1
Turkson,Scherer,1
Turkson,Bo,1
Turkson,You Heung-Sik,2
Turkson,Prevost,2
Turkson,Costa,1
Turkson,Harvey,2
Turkson,Mangkhanekhoun,1
Turkson,Kambanda,1
Turkson,Mafi,1
Turkson,Furtado,2
Turkson,Ricard,1
Turkson,Woelki,3
Turkson,Patabendige Don,2
Turkson,Sturla Berhouet,3
Turkson,Roche,2
Turkson,Kutwa,1
Turkson,Pierre,1
Turkson,Aviz,1
Turkson,Ghirlanda,2
Turkson,Ouédraogo,2
Turkson,Njue,1
Turkson,Robles Ortega,1
Turkson,Tsarahazana,1
Turkson,Farrell,3
Turkson,Cupich,1
Turkson,Piacenza,1
Turkson,Fernández,3
Turkson,Semeraro,2
Turkson,Tempesta,2
Turkson,Ferrão,1
Turkson,Arborelius,1
Turkson,Schönborn,2
Turkson,Rossi,1
Turkson,Bozanić,2
Turkson,Grech,2
Turkson,Dew,3
Turkson,Aós Braco,1
Piacenza,Rugambwa,1
Piacenza,Bo,1
Piacenza,You Heung-Sik,1
Piacenza,Harvey,1
Piacenza,Petrocchi,1
Piacenza,Furtado,1
Piacenza,Woelki,1
Piacenza,Patabendige Don,1
Piacenza,Sturla Berhouet,1
Piacenza,Roche,1
Piacenza,Aviz,1
Piacenza,Ouédraogo,1
Piacenza,Farrell,1
Piacenza,Cupich,1
Piacenza,Semeraro,2
Piacenza,Tempesta,1
Piacenza,Rossi,1
Piacenza,Bozanić,1
Piacenza,Grech,1
Piacenza,Dew,1
Piacenza,Brislin,1
Piacenza,Aós Braco,1
Poli,Fernández,2
Poli,Bokalic Iglic,1
Poli,Nichols,1
Poli,Souraphiel,1
Poli,Prevost,1
Poli,Sako,1
Poli,Arborelius,1
Poli,Baselios,1
Poli,Schönborn,1
Poli,Marx,1
Poli,Collins,1
Poli,Zenari,1
Poli,Semeraro,1
Poli,Raï,1
Poli,Mureşan,1
Fernández,Rugambwa,1
Fernández,Nichols,3
Fernández,Scherer,2
Fernández,Ramazzini Imeri,1
Fernández,Souraphiel,1
Fernández,You Heung-Sik,4
Fernández,Prevost,6
Fernández,Costa,1
Fernández,Harvey,1
Fernández,Mangkhanekhoun,1
Fernández,Sako,2
Fernández,Kambanda,2
Fernández,Mafi,1
Fernández,Mcelroy,1
Fernández,Advincula,1
Fernández,Furtado,1
Fernández,Lacunza Maestrojuán,1
Fernández,Ricard,1
Fernández,Gregory,1
Fernández,Woelki,1
Fernández,Patabendige Don,1
Fernández,Sturla Berhouet,1
Fernández,Gracias,1
Fernández,Nycz,1
Fernández,Roche,3
Fernández,Kutwa,1
Fernández,Goh,1
Fernández,Aviz,1
Fernández,Porras Cardozo,1
Fernández,Ghirlanda,3
Fernández,Ouédraogo,1
Fernández,Rocha,1
Fernández,Njue,1
Fernández,Robles Ortega,1
Fernández,Coccopalmerio,1
Fernández,Tsarahazana,2
Fernández,Zenari,1
Fernández,Farrell,3
Fernández,Hollerich,1
Fernández,Mureşan,1
Fernández,De Kesel,1
Fernández,Baselios,1
Fernández,Cupich,1
Fernández,Collins,1
Fernández,Semeraro,2
Fernández,Aguiar Retes,1
Fernández,Tempesta,1
Fernández,Ferrão,1
Fernández,Arborelius,3
Fernández,Schönborn,3
Fernández,Marx,1
Fernández,Bozanić,1
Fernández,Grech,2
Fernández,Cantoni,1
Fernández,Dew,2
Fernández,Raï,1
Fernández,Aós Braco,1
Cantoni,Nichols,1
Cantoni,You Heung-Sik,1
Cantoni,Prevost,1
Cantoni,Advincula,1
Cantoni,Roche,1
Cantoni,Aviz,1
Cantoni,Rocha,1
Cantoni,Cupich,1
Cantoni,Arborelius,1
Cantoni,Grech,1
Tempesta,Costa,2
Tempesta,Rugambwa,2
Tempesta,Scherer,1
Tempesta,Ramazzini Imeri,1
Tempesta,Bo,1
Tempesta,Rueda Aparicio,1
Tempesta,You Heung-Sik,2
Tempesta,Prevost,2
Tempesta,Harvey,1
Tempesta,Mangkhanekhoun,1
Tempesta,Kambanda,1
Tempesta,Mafi,1
Tempesta,Furtado,2
Tempesta,Lacunza Maestrojuán,1
Tempesta,Woelki,1
Tempesta,Patabendige Don,2
Tempesta,Sturla Berhouet,3
Tempesta,Roche,2
Tempesta,Kutwa,1
Tempesta,Aviz,1
Tempesta,Porras Cardozo,1
Tempesta,Ghirlanda,1
Tempesta,Ouédraogo,2
Tempesta,García Rodríguez,1
Tempesta,Rocha,1
Tempesta,Njue,1
Tempesta,Robles Ortega,2
Tempesta,Tsarahazana,1
Tempesta,Farrell,2
Tempesta,Cupich,1
Tempesta,Semeraro,1
Tempesta,Aguiar Retes,1
Tempesta,Ferrão,1
Tempesta,Schönborn,1
Tempesta,Rossi,1
Tempesta,Bozanić,2
Tempesta,Grech,1
Tempesta,Dew,2
Tempesta,Aós Braco,2
Costa,Nichols,1
Costa,Ramazzini Imeri,1
Costa,Rueda Aparicio,1
Costa,Prevost,1
Costa,García Rodríguez,1
Costa,Woelki,1
Costa,Rocha,1
Costa,Arborelius,1
Costa,Sturla Berhouet,1
Costa,Robles Ortega,1
Costa,Grech,1
Costa,Lacunza Maestrojuán,1
Costa,Dew,1
Costa,Porras Cardozo,1
Costa,Aguiar Retes,1
Costa,Aós Braco,1
Costa,Ricard,1
Pengo,Rugambwa,1
Rugambwa,Patabendige Don,2
Rugambwa,Woelki,1
Rugambwa,Sturla Berhouet,2
Rugambwa,Kambanda,1
Rugambwa,Roche,2
Rugambwa,Kutwa,1
Rugambwa,Scherer,1
Rugambwa,Cupich,1
Rugambwa,Mafi,1
Rugambwa,Aviz,1
Rugambwa,Semeraro,1
Rugambwa,Ghirlanda,1
Rugambwa,Ouédraogo,2
Rugambwa,Bo,1
Rugambwa,Ferrão,1
Rugambwa,Njue,1
Rugambwa,Robles Ortega,1
Rugambwa,You Heung-Sik,2
Rugambwa,Schönborn,1
Rugambwa,Rossi,1
Rugambwa,Prevost,1
Rugambwa,Bozanić,2
Rugambwa,Grech,1
Rugambwa,Furtado,2
Rugambwa,Tsarahazana,1
Rugambwa,Dew,2
Rugambwa,Farrell,2
Rugambwa,Harvey,1
Rugambwa,Aós Braco,1
Rugambwa,Mangkhanekhoun,1
Mcelroy,Mahony,1
Mcelroy,Ramazzini Imeri,1
Mcelroy,Poola,1
Mcelroy,Mangkhanekhoun,1
Mcelroy,Francis,1
Mcelroy,Goh,1
Mcelroy,Farrell,1
Mcelroy,Porras Cardozo,1
Mcelroy,Gregory,1
Brislin,Napier,1
Brislin,Harvey,1
Brislin,Petrocchi,1
Brislin,Semeraro,1
Abril Y Castelló,Porco Ticona,1
Abril Y Castelló,Petrocchi,1
Abril Y Castelló,Schönborn,1
Patabendige Don,Scherer,1
Patabendige Don,Bo,1
Patabendige Don,You Heung-Sik,2
Patabendige Don,Prevost,1
Patabendige Don,Harvey,1
Patabendige Don,Mangkhanekhoun,1
Patabendige Don,Kambanda,1
Patabendige Don,Mafi,1
Patabendige Don,Furtado,2
Patabendige Don,Woelki,1
Patabendige Don,Sturla Berhouet,2
Patabendige Don,Roche,2
Patabendige Don,Kutwa,1
Patabendige Don,Cupich,1
Patabendige Don,Aviz,1
Patabendige Don,Semeraro,1
Patabendige Don,Ghirlanda,1
Patabendige Don,Ouédraogo,2
Patabendige Don,Ferrão,1
Patabendige Don,Njue,1
Patabendige Don,Robles Ortega,1
Patabendige Don,Schönborn,1
Patabendige Don,Rossi,1
Patabendige Don,Bozanić,2
Patabendige Don,Grech,1
Patabendige Don,Tsarahazana,1
Patabendige Don,Dew,2
Patabendige Don,Farrell,2
Patabendige Don,Aós Braco,1
Woelki,Nichols,2
Woelki,Scherer,1
Woelki,Bo,1
Woelki,You Heung-Sik,2
Woelki,Prevost,1
Woelki,Harvey,1
Woelki,Petrocchi,1
Woelki,Advincula,1
Woelki,Furtado,1
Woelki,Ricard,1
Woelki,Sturla Berhouet,2
Woelki,Nycz,1
Woelki,Roche,1
Woelki,Cupich,1
Woelki,Pierre,1
Woelki,Aviz,2
Woelki,Porras Cardozo,1
Woelki,Semeraro,1
Woelki,Ouédraogo,1
Woelki,García Rodríguez,1
Woelki,Rocha,1
Woelki,Arborelius,2
Woelki,Rossi,1
Woelki,Bozanić,1
Woelki,Grech,2
Woelki,Dew,2
Woelki,Farrell,2
Woelki,Aós Braco,1
Sturla Berhouet,Scherer,1
Sturla Berhouet,Ramazzini Imeri,1
Sturla Berhouet,Bo,2
Sturla Berhouet,Rueda Aparicio,1
Sturla Berhouet,You Heung-Sik,2
Sturla Berhouet,Prevost,3
Sturla Berhouet,Harvey,2
Sturla Berhouet,Mangkhanekhoun,1
Sturla Berhouet,Kambanda,1
Sturla Berhouet,Mafi,1
Sturla Berhouet,Do Carmo Da Silva,1
Sturla Berhouet,Furtado,2
Sturla Berhouet,Lacunza Maestrojuán,1
Sturla Berhouet,Roche,2
Sturla Berhouet,Kutwa,2
Sturla Berhouet,Pierre,1
Sturla Berhouet,Aviz,1
Sturla Berhouet,Porras Cardozo,1
Sturla Berhouet,Ghirlanda,2
Sturla Berhouet,Duka,1
Sturla Berhouet,Ouédraogo,2
Sturla Berhouet,García Rodríguez,1
Sturla Berhouet,Rocha,1
Sturla Berhouet,Njue,1
Sturla Berhouet,Robles Ortega,2
Sturla Berhouet,Tsarahazana,1
Sturla Berhouet,Farrell,4
Sturla Berhouet,Ambongo Besungu,1
Sturla Berhouet,Cupich,1
Sturla Berhouet,Semeraro,1
Sturla Berhouet,Aguiar Retes,1
Sturla Berhouet,Ferrão,1
Sturla Berhouet,Schönborn,1
Sturla Berhouet,Rossi,2
Sturla Berhouet,Bozanić,2
Sturla Berhouet,Grech,1
Sturla Berhouet,Dew,2
Sturla Berhouet,Aós Braco,2
Kambanda,Scherer,2
Kambanda,You Heung-Sik,2
Kambanda,Prevost,2
Kambanda,Harvey,1
Kambanda,Mangkhanekhoun,1
Kambanda,Sako,1
Kambanda,De Kesel,1
Kambanda,Nycz,1
Kambanda,Roche,2
Kambanda,Kutwa,1
Kambanda,Mafi,1
Kambanda,Aguiar Retes,1
Kambanda,Ghirlanda,1
Kambanda,Ouédraogo,1
Kambanda,Ferrão,1
Kambanda,Njue,1
Kambanda,Robles Ortega,1
Kambanda,Schönborn,1
Kambanda,Bozanić,1
Kambanda,Furtado,1
Kambanda,Tsarahazana,2
Kambanda,Lacunza Maestrojuán,1
Kambanda,Dew,1
Kambanda,Farrell,1
Kambanda,Hollerich,1
Kambanda,Aós Braco,1
Roche,Nichols,1
Roche,Scherer,2
Roche,Bo,1
Roche,You Heung-Sik,4
Roche,Prevost,4
Roche,Harvey,1
Roche,Mangkhanekhoun,1
Roche,Sako,1
Roche,Mafi,1
Roche,Advincula,1
Roche,Furtado,2
Roche,Lacunza Maestrojuán,1
Roche,Nycz,1
Roche,Kutwa,1
Roche,Aviz,2
Roche,Ghirlanda,1
Roche,Ouédraogo,2
Roche,Rocha,1
Roche,Njue,1
Roche,Robles Ortega,1
Roche,Tsarahazana,2
Roche,Farrell,3
Roche,Hollerich,1
Roche,De Kesel,1
Roche,Cupich,2
Roche,Semeraro,1
Roche,Aguiar Retes,1
Roche,Ferrão,1
Roche,Arborelius,1
Roche,Schönborn,1
Roche,Rossi,1
Roche,Bozanić,2
Roche,Grech,2
Roche,Dew,2
Roche,Aós Braco,2
Kutwa,Scherer,1
Kutwa,Bo,1
Kutwa,You Heung-Sik,1
Kutwa,Prevost,2
Kutwa,Harvey,1
Kutwa,Mangkhanekhoun,1
Kutwa,Mafi,1
Kutwa,Do Carmo Da Silva,1
Kutwa,Furtado,1
Kutwa,Ghirlanda,2
Kutwa,Duka,1
Kutwa,Ouédraogo,1
Kutwa,Ferrão,1
Kutwa,Njue,1
Kutwa,Robles Ortega,1
Kutwa,Schönborn,1
Kutwa,Rossi,1
Kutwa,Bozanić,1
Kutwa,Tsarahazana,1
Kutwa,Dew,1
Kutwa,Farrell,2
Kutwa,Ambongo Besungu,1
Scherer,Nichols,1
Scherer,Nycz,2
Scherer,Aviz,1
Scherer,Porras Cardozo,1
Scherer,Ghirlanda,1
Scherer,Ouédraogo,1
Scherer,García Rodríguez,1
Scherer,Rocha,1
Scherer,Njue,1
Scherer,Robles Ortega,1
Scherer,You Heung-Sik,3
Scherer,Prevost,3
Scherer,Tsarahazana,2
Scherer,Farrell,1
Scherer,Hollerich,1
Scherer,Harvey,1
Scherer,Mangkhanekhoun,1
Scherer,Sako,2
Scherer,De Kesel,1
Scherer,Mafi,1
Scherer,Petrocchi,2
Scherer,Aguiar Retes,1
Scherer,Advincula,1
Scherer,Ferrão,1
Scherer,Arborelius,2
Scherer,Schönborn,1
Scherer,Marx,1
Scherer,Bozanić,1
Scherer,Furtado,1
Scherer,Lacunza Maestrojuán,1
Scherer,Dew,1
Scherer,Aós Braco,1
Cupich,Nichols,1
Cupich,Bo,1
Cupich,You Heung-Sik,2
Cupich,Prevost,1
Cupich,Advincula,1
Cupich,Furtado,1
Cupich,Aviz,2
Cupich,Ouédraogo,1
Cupich,Rocha,1
Cupich,Farrell,1
Cupich,Semeraro,1
Cupich,Arborelius,1
Cupich,Rossi,1
Cupich,Bozanić,1
Cupich,Grech,2
Cupich,Dew,1
Cupich,Aós Braco,1
Mafi,You Heung-Sik,1
Mafi,Prevost,1
Mafi,Harvey,1
Mafi,Mangkhanekhoun,1
Mafi,Ghirlanda,1
Mafi,Ouédraogo,1
Mafi,Ferrão,1
Mafi,Njue,1
Mafi,Robles Ortega,1
Mafi,Schönborn,1
Mafi,Bozanić,1
Mafi,Furtado,1
Mafi,Tsarahazana,1
Mafi,Dew,1
Mafi,Farrell,1
Aviz,Nichols,2
Aviz,Bo,1
Aviz,You Heung-Sik,3
Aviz,Prevost,2
Aviz,Petrocchi,1
Aviz,Advincula,2
Aviz,Furtado,1
Aviz,Nycz,1
Aviz,Porras Cardozo,1
Aviz,Semeraro,1
Aviz,Ouédraogo,1
Aviz,García Rodríguez,1
Aviz,Rocha,2
Aviz,Arborelius,2
Aviz,Rossi,1
Aviz,Bozanić,1
Aviz,Grech,2
Aviz,Dew,1
Aviz,Farrell,1
Aviz,Aós Braco,1
Semeraro,Nichols,1
Semeraro,Souraphiel,1
Semeraro,Bo,2
Semeraro,You Heung-Sik,1
Semeraro,Prevost,2
Semeraro,Harvey,1
Semeraro,Sako,1
Semeraro,Petrocchi,1
Semeraro,Maeda,1
Semeraro,Furtado,1
Semeraro,Ghirlanda,1
Semeraro,Ouédraogo,1
Semeraro,Langlois,1
Semeraro,Zenari,1
Semeraro,Farrell,1
Semeraro,Mureşan,1
Semeraro,Baselios,1
Semeraro,Collins,1
Semeraro,Arborelius,1
Semeraro,Schönborn,2
Semeraro,Rossi,1
Semeraro,Marx,1
Semeraro,Bozanić,1
Semeraro,Grech,1
Semeraro,Dew,1
Semeraro,Raï,1
Semeraro,Aós Braco,1
Ghirlanda,Bo,1
Ghirlanda,You Heung-Sik,2
Ghirlanda,Prevost,4
Ghirlanda,Harvey,1
Ghirlanda,Mangkhanekhoun,1
Ghirlanda,Do Carmo Da Silva,1
Ghirlanda,Furtado,1
Ghirlanda,Gracias,1
Ghirlanda,Duka,1
Ghirlanda,Ouédraogo,1
Ghirlanda,Njue,1
Ghirlanda,Robles Ortega,1
Ghirlanda,Coccopalmerio,1
Ghirlanda,Tsarahazana,1
Ghirlanda,Farrell,3
Ghirlanda,Ambongo Besungu,1
Ghirlanda,Ferrão,1
Ghirlanda,Schönborn,2
Ghirlanda,Rossi,1
Ghirlanda,Bozanić,1
Ghirlanda,Dew,1
Ouédraogo,Bo,1
Ouédraogo,You Heung-Sik,2
Ouédraogo,Prevost,1
Ouédraogo,Harvey,1
Ouédraogo,Mangkhanekhoun,2
Ouédraogo,Sako,1
Ouédraogo,Furtado,2
Ouédraogo,Koovakad,1
Ouédraogo,Njue,1
Ouédraogo,Robles Ortega,1
Ouédraogo,Tsarahazana,1
Ouédraogo,Farrell,2
Ouédraogo,Hollerich,1
Ouédraogo,Baselios,1
Ouédraogo,Ferrão,1
Ouédraogo,Schönborn,1
Ouédraogo,Rossi,1
Ouédraogo,Bozanić,2
Ouédraogo,Grech,1
Ouédraogo,Dew,2
Ouédraogo,Aós Braco,1
Bo,Duka,1
Bo,Do Carmo Da Silva,1
Bo,You Heung-Sik,1
Bo,Rossi,2
Bo,Prevost,1
Bo,Maeda,1
Bo,Bozanić,1
Bo,Grech,1
Bo,Furtado,1
Bo,Langlois,1
Bo,Dew,1
Bo,Farrell,2
Bo,Aós Braco,1
Bo,Ambongo Besungu,1
Ferrão,You Heung-Sik,1
Ferrão,Prevost,1
Ferrão,Harvey,1
Ferrão,Mangkhanekhoun,1
Ferrão,Furtado,1
Ferrão,Njue,1
Ferrão,Robles Ortega,1
Ferrão,Tsarahazana,1
Ferrão,Farrell,1
Ferrão,Schönborn,1
Ferrão,Bozanić,1
Ferrão,Dew,1
Njue,You Heung-Sik,1
Njue,Prevost,1
Njue,Harvey,1
Njue,Mangkhanekhoun,1
Njue,Furtado,1
Njue,Robles Ortega,1
Njue,Schönborn,1
Njue,Bozanić,1
Njue,Tsarahazana,1
Njue,Dew,1
Njue,Farrell,1
Robles Ortega,Ramazzini Imeri,1
Robles Ortega,Rueda Aparicio,1
Robles Ortega,You Heung-Sik,1
Robles Ortega,Prevost,2
Robles Ortega,Harvey,1
Robles Ortega,Mangkhanekhoun,1
Robles Ortega,Furtado,1
Robles Ortega,Lacunza Maestrojuán,1
Robles Ortega,Porras Cardozo,1
Robles Ortega,García Rodríguez,1
Robles Ortega,Rocha,1
Robles Ortega,Aguiar Retes,1
Robles Ortega,Schönborn,1
Robles Ortega,Bozanić,1
Robles Ortega,Tsarahazana,1
Robles Ortega,Dew,1
Robles Ortega,Farrell,1
Robles Ortega,Aós Braco,1
You Heung-Sik,Nichols,2
You Heung-Sik,Nycz,2
You Heung-Sik,Gracias,1
You Heung-Sik,Porras Cardozo,1
You Heung-Sik,García Rodríguez,1
You Heung-Sik,Rocha,2
You Heung-Sik,Coccopalmerio,1
You Heung-Sik,Prevost,5
You Heung-Sik,Tsarahazana,2
You Heung-Sik,Farrell,3
You Heung-Sik,Hollerich,1
You Heung-Sik,Harvey,1
You Heung-Sik,Mangkhanekhoun,1
You Heung-Sik,Sako,1
You Heung-Sik,De Kesel,1
You Heung-Sik,Petrocchi,1
You Heung-Sik,Aguiar Retes,1
You Heung-Sik,Advincula,2
You Heung-Sik,Arborelius,2
You Heung-Sik,Schönborn,1
You Heung-Sik,Rossi,1
You Heung-Sik,Bozanić,2
You Heung-Sik,Grech,2
You Heung-Sik,Furtado,2
You Heung-Sik,Lacunza Maestrojuán,1
You Heung-Sik,Dew,2
You Heung-Sik,Aós Braco,2
Schönborn,Nichols,1
Schönborn,Souraphiel,1
Schönborn,Prevost,3
Schönborn,Harvey,1
Schönborn,Mangkhanekhoun,1
Schönborn,Sako,1
Schönborn,Petrocchi,1
Schönborn,Furtado,1
Schönborn,Tsarahazana,1
Schönborn,Zenari,1
Schönborn,Farrell,1
Schönborn,Mureşan,1
Schönborn,Baselios,1
Schönborn,Collins,1
Schönborn,Arborelius,1
Schönborn,Marx,1
Schönborn,Bozanić,1
Schönborn,Dew,1
Schönborn,Raï,1
Rossi,Prevost,1
Rossi,Do Carmo Da Silva,1
Rossi,Furtado,1
Rossi,Duka,1
Rossi,Farrell,2
Rossi,Ambongo Besungu,1
Rossi,Bozanić,1
Rossi,Grech,1
Rossi,Dew,1
Rossi,Aós Braco,1
Prevost,Nichols,3
Prevost,Ramazzini Imeri,1
Prevost,Souraphiel,1
Prevost,Rueda Aparicio,1
Prevost,Nycz,2
Prevost,Gracias,1
Prevost,Porras Cardozo,2
Prevost,Duka,1
Prevost,García Rodríguez,2
Prevost,Rocha,3
Prevost,Coccopalmerio,1
Prevost,Tsarahazana,2
Prevost,Zenari,1
Prevost,Farrell,4
Prevost,Hollerich,1
Prevost,Harvey,1
Prevost,Mureşan,1
Prevost,Mangkhanekhoun,1
Prevost,Sako,2
Prevost,Ambongo Besungu,1
Prevost,De Kesel,1
Prevost,Baselios,1
Prevost,Collins,1
Prevost,Petrocchi,1
Prevost,Aguiar Retes,2
Prevost,Advincula,2
Prevost,Do Carmo Da Silva,1
Prevost,Arborelius,3
Prevost,Marx,1
Prevost,Bozanić,1
Prevost,Grech,1
Prevost,Furtado,1
Prevost,Lacunza Maestrojuán,2
Prevost,Dew,1
Prevost,Raï,1
Prevost,Aós Braco,2
Bozanić,Harvey,1
Bozanić,Mangkhanekhoun,1
Bozanić,Furtado,2
Bozanić,Tsarahazana,1
Bozanić,Farrell,2
Bozanić,Grech,1
Bozanić,Dew,2
Bozanić,Aós Braco,1
Grech,Nichols,2
Grech,Versaldi,1
Grech,Harvey,1
Grech,Advincula,1
Grech,Furtado,1
Grech,Ricard,1
Grech,Rocha,1
Grech,Farrell,1
Grech,Arborelius,2
Grech,Dew,2
Grech,Aós Braco,1
Furtado,Harvey,1
Furtado,Mangkhanekhoun,1
Furtado,Tsarahazana,1
Furtado,Dew,2
Furtado,Farrell,2
Furtado,Aós Braco,1
Tsarahazana,Harvey,1
Tsarahazana,Mangkhanekhoun,1
Tsarahazana,Sako,1
Tsarahazana,Lacunza Maestrojuán,1
Tsarahazana,Nycz,1
Tsarahazana,De Kesel,1
Tsarahazana,Aguiar Retes,1
Tsarahazana,Dew,1
Tsarahazana,Farrell,1
Tsarahazana,Hollerich,1
Tsarahazana,Aós Braco,1
Dew,Nichols,1
Dew,Harvey,1
Dew,Mangkhanekhoun,1
Dew,Ricard,1
Dew,Farrell,2
Dew,Arborelius,1
Dew,Aós Braco,1
Farrell,Ramazzini Imeri,1
Farrell,Harvey,2
Farrell,Mangkhanekhoun,1
Farrell,Do Carmo Da Silva,1
Farrell,Gregory,1
Farrell,Gracias,1
Farrell,Goh,1
Farrell,Pierre,1
Farrell,Porras Cardozo,1
Farrell,Duka,1
Farrell,Coccopalmerio,1
Farrell,Ambongo Besungu,1
Farrell,Aós Braco,1
Harvey,Versaldi,1
Harvey,Pierre,1
Harvey,Petrocchi,1
Harvey,Mangkhanekhoun,1
Aós Braco,Ramazzini Imeri,1
Aós Braco,Rueda Aparicio,1
Aós Braco,Sako,1
Aós Braco,Lacunza Maestrojuán,2
Aós Braco,Nycz,1
Aós Braco,Porras Cardozo,1
Aós Braco,García Rodríguez,1
Aós Braco,Rocha,1
Aós Braco,Hollerich,1
Aós Braco,De Kesel,1
Aós Braco,Aguiar Retes,2
Mangkhanekhoun,Poola,1
Mangkhanekhoun,Sako,1
Mangkhanekhoun,Baselios,1
Mangkhanekhoun,Francis,1
Mangkhanekhoun,Koovakad,1
Mangkhanekhoun,Hollerich,1
Coccopalmerio,Gracias,1
Gracias,Rocha,1
Gracias,Hollerich,1
Gracias,Ambongo Besungu,1
Nichols,Sako,1
Nichols,Nycz,1
Nichols,Baselios,1
Nichols,Collins,1
Nichols,Porras Cardozo,1
Nichols,Petrocchi,1
Nichols,Advincula,2
Nichols,Souraphiel,1
Nichols,García Rodríguez,1
Nichols,Rocha,2
Nichols,Arborelius,4
Nichols,Marx,1
Nichols,Zenari,1
Nichols,Raï,1
Nichols,Ricard,1
Nichols,Mureşan,1
Souraphiel,Sako,1
Souraphiel,Arborelius,1
Souraphiel,Baselios,1
Souraphiel,Marx,1
Souraphiel,Collins,1
Souraphiel,Zenari,1
Souraphiel,Raï,1
Souraphiel,Mureşan,1
Zenari,Sako,1
Zenari,Arborelius,1
Zenari,Baselios,1
Zenari,Marx,1
Zenari,Collins,1
Zenari,Raï,1
Zenari,Mureşan,1
Mureşan,Sako,1
Mureşan,Arborelius,1
Mureşan,Baselios,1
Mureşan,Marx,1
Mureşan,Collins,1
Mureşan,Raï,1
Sako,De Kesel,1
Sako,Baselios,2
Sako,Nycz,1
Sako,Collins,1
Sako,Koovakad,1
Sako,Petrocchi,1
Sako,Aguiar Retes,1
Sako,Arborelius,2
Sako,Marx,2
Sako,Lacunza Maestrojuán,1
Sako,Hollerich,2
Sako,Raï,1
Baselios,Koovakad,1
Baselios,Hollerich,1
Baselios,Collins,1
Baselios,Arborelius,1
Baselios,Marx,1
Baselios,Raï,1
Collins,Arborelius,1
Collins,Marx,1
Collins,Raï,1
Petrocchi,Nycz,1
Petrocchi,Porras Cardozo,1
Petrocchi,Advincula,1
Petrocchi,García Rodríguez,1
Petrocchi,Rocha,1
Petrocchi,Arborelius,2
Petrocchi,Marx,1
Arborelius,Advincula,2
Arborelius,Ricard,1
Arborelius,Nycz,1
Arborelius,Porras Cardozo,1
Arborelius,García Rodríguez,1
Arborelius,Rocha,2
Arborelius,Marx,2
Arborelius,Raï,1
Marx,Raï,1
Nycz,Advincula,1
Nycz,Lacunza Maestrojuán,1
Nycz,De Kesel,1
Nycz,Porras Cardozo,1
Nycz,Aguiar Retes,1
Nycz,García Rodríguez,1
Nycz,Rocha,1
Nycz,Hollerich,1
Porras Cardozo,Ramazzini Imeri,2
Porras Cardozo,Rueda Aparicio,1
Porras Cardozo,Advincula,1
Porras Cardozo,Lacunza Maestrojuán,1
Porras Cardozo,Gregory,1
Porras Cardozo,Goh,1
Porras Cardozo,Aguiar Retes,1
Porras Cardozo,García Rodríguez,2
Porras Cardozo,Rocha,2
Advincula,García Rodríguez,1
Advincula,Rocha,2
García Rodríguez,Ramazzini Imeri,1
García Rodríguez,Rueda Aparicio,1
García Rodríguez,Lacunza Maestrojuán,1
García Rodríguez,Rocha,2
García Rodríguez,Aguiar Retes,1
Rocha,Ramazzini Imeri,1
Rocha,Rueda Aparicio,1
Rocha,Lacunza Maestrojuán,1
Rocha,Aguiar Retes,1
Rocha,Hollerich,1
Rocha,Ambongo Besungu,1
Francis,Poola,1
Hollerich,Lacunza Maestrojuán,1
Hollerich,Koovakad,1
Hollerich,De Kesel,1
Hollerich,Aguiar Retes,1
Hollerich,Ambongo Besungu,1
De Kesel,Lacunza Maestrojuán,1
De Kesel,Aguiar Retes,1
Aguiar Retes,Ramazzini Imeri,1
Aguiar Retes,Rueda Aparicio,1
Aguiar Retes,Lacunza Maestrojuán,2
Lacunza Maestrojuán,Ramazzini Imeri,1
Lacunza Maestrojuán,Rueda Aparicio,1
Duka,Do Carmo Da Silva,1
Duka,Ambongo Besungu,1
Do Carmo Da Silva,Ambongo Besungu,1
Ramazzini Imeri,Rueda Aparicio,1
Ramazzini Imeri,Goh,1
Ramazzini Imeri,Gregory,1
Goh,Gregory,1
Maeda,Langlois,1
